cve_id,compilers,published,last_modified,vulnerability_status,severity,cvss_score,cvss_vector,cwes,affected_products,references,description,source_identifier,matched_queries,collected_at
CVE-2002-1829,Glow,2002-12-31T05:00:00.000,2026-06-16T22:00:08.090,Modified,MEDIUM,4.3,AV:N/AC:M/Au:N/C:N/I:P/A:N,,cpe:2.3:a:openbb:openbb:1.0.0_rc3:*:*:*:*:*:*:*,http://marc.info/?l=vuln-dev&m=102221487407632&w=2;http://www.securityfocus.com/bid/4819;https://exchange.xforce.ibmcloud.com/vulnerabilities/9160,"Cross-site scripting (XSS) vulnerability in codeparse.php in Open Bulletin Board (OpenBB) 1.0.0 RC3 allows remote attackers to inject arbitrary web script or HTML via (1) myhome.php, (2) an onerror attribute in an IMG tag (a variant of CVE-2002-0330), or (3) a glow tag.",cve@mitre.org,Glow,2026-09-21T18:43:55.486544+00:00
CVE-2004-1827,Glow,2004-03-15T05:00:00.000,2026-06-16T22:08:28.570,Modified,MEDIUM,4.3,AV:N/AC:M/Au:N/C:N/I:P/A:N,,cpe:2.3:a:simple_machines:simple_machines_smf:1.0_b:*:*:*:*:*:*:*;cpe:2.3:a:yabb:yabb:1.5.1:*:second_edition:*:*:*:*:*;cpe:2.3:a:yabb:yabb:1_gold_-_sp_1.3:*:*:*:*:*:*:*,http://marc.info/?l=bugtraq&m=107936800226430&w=2;http://marc.info/?l=bugtraq&m=107948064923981&w=2;http://secunia.com/advisories/11128;http://securitytracker.com/id?1009427;http://www.securityfocus.com/bid/9873;http://www.yabbforum.com/community/YaBB.pl?board=general%3Baction=display%3Bnum=1093133233;https://exchange.xforce.ibmcloud.com/vulnerabilities/15488,Cross-site scripting (XSS) vulnerability in YaBB 1 Gold(SP1.3) and YaBB SE 1.5.1 Final allows remote attackers to inject arbitrary web script via the background:url property in (1) glow or (2) shadow tags.,cve@mitre.org,Glow,2026-09-21T18:43:55.486544+00:00
CVE-2007-1026,XLA,2007-02-21T11:28:00.000,2026-06-16T22:36:47.100,Modified,HIGH,7.5,AV:N/AC:L/Au:N/C:P/I:P/A:P,CWE-89,cpe:2.3:a:scriptdungeon:xlatunes:*:*:*:*:*:*:*:*,http://osvdb.org/33743;http://www.securityfocus.com/archive/1/460592/100/0/threaded;http://www.securityfocus.com/archive/1/460621/100/0/threaded;http://www.securityfocus.com/archive/1/460739/100/0/threaded;http://www.securityfocus.com/bid/22602;http://www.vupen.com/english/advisories/2007/0644;https://exchange.xforce.ibmcloud.com/vulnerabilities/32556;https://www.exploit-db.com/exploits/3327,SQL injection vulnerability in view.php in XLAtunes 0.1 and earlier allows remote attackers to execute arbitrary SQL commands via the album parameter in view mode. NOTE: some of these details are obtained from third party information.,cve@mitre.org,XLA,2026-09-21T18:43:55.486544+00:00
CVE-2007-1653,Glow,2007-03-24T00:19:00.000,2026-06-16T22:38:02.077,Modified,HIGH,7.8,AV:N/AC:L/Au:N/C:N/I:N/A:C,,cpe:2.3:a:glowworm:glowworm:*:*:*:*:*:*:*:*,http://glowworm.us/history/release_1_5_3_b4.html;http://osvdb.org/43597,"GlowWorm FW before 1.5.3b4 allows remote attackers to cause a denial of service (kernel panic) via certain DNS responses that trigger infinite recursion in TrueDNS packet parsing, as originally observed with certain login.yahoo.com responses.",cve@mitre.org,Glow,2026-09-21T18:43:55.486544+00:00
CVE-2007-4630,XLA,2007-08-31T01:17:00.000,2026-06-16T22:44:28.130,Modified,MEDIUM,4.3,AV:N/AC:M/Au:N/C:N/I:P/A:N,,cpe:2.3:a:xigla:absolute_poll_manager_xe:4.1:*:*:*:*:*:*:*,http://secunia.com/advisories/26648;http://securityreason.com/securityalert/3080;http://www.osvdb.org/36709;http://www.securityfocus.com/archive/1/478152/100/0/threaded;http://www.securityfocus.com/bid/25492;http://www.securitytracker.com/id?1018634;https://exchange.xforce.ibmcloud.com/vulnerabilities/36362,Cross-site scripting (XSS) vulnerability in xlaapmview.asp in Absolute Poll Manager XE 4.1 allows remote attackers to inject arbitrary web script or HTML via the msg parameter.,cve@mitre.org,XLA,2026-09-21T18:43:55.486544+00:00
CVE-2007-6269,XLA,2007-12-07T11:46:00.000,2026-06-16T22:47:43.260,Modified,HIGH,7.5,AV:N/AC:L/Au:N/C:P/I:P/A:P,CWE-89,cpe:2.3:a:xigla:absolute_news_manager.net:5.1:*:*:*:*:*:*:*,http://marc.info/?l=bugtraq&m=119678724111351&w=2;http://osvdb.org/40576;http://secunia.com/advisories/27923;http://www.procheckup.com/Vulnerability_PR07-39.php;http://www.securityfocus.com/bid/26692;http://www.xigla.com/news/default.aspx;http://www.xigla.com/security/ANMNET51-SecurityUpdate20071128.zip;https://exchange.xforce.ibmcloud.com/vulnerabilities/38871,"Multiple SQL injection vulnerabilities in xlaabsolutenm.aspx in Absolute News Manager.NET 5.1 allow remote attackers to execute arbitrary SQL commands via the (1) z, (2) pz, (3) ord, and (4) sort parameters.",cve@mitre.org,XLA,2026-09-21T18:43:55.486544+00:00
CVE-2007-6270,XLA,2007-12-07T11:46:00.000,2026-06-16T22:47:43.380,Modified,MEDIUM,4.3,AV:N/AC:M/Au:N/C:N/I:P/A:N,CWE-79,cpe:2.3:a:xigla:absolute_news_manager.net:5.1:*:*:*:*:*:*:*,http://marc.info/?l=bugtraq&m=119678724111351&w=2;http://osvdb.org/40577;http://osvdb.org/40578;http://secunia.com/advisories/27923;http://www.procheckup.com/Vulnerability_PR07-39.php;http://www.securityfocus.com/bid/26692;http://www.xigla.com/news/default.aspx;https://exchange.xforce.ibmcloud.com/vulnerabilities/38872;https://exchange.xforce.ibmcloud.com/vulnerabilities/38873,Multiple cross-site scripting (XSS) vulnerabilities in Absolute News Manager.NET 5.1 allow remote attackers to inject arbitrary web script or HTML via the (1) rmore parameter to xlaabsolutenm.aspx and the (2) template parameter to pages/default.aspx.,cve@mitre.org,XLA,2026-09-21T18:43:55.486544+00:00
CVE-2008-4569,XLA,2008-10-15T20:00:03.737,2026-06-16T22:58:05.140,Modified,HIGH,7.5,AV:N/AC:L/Au:N/C:P/I:P/A:P,CWE-89,cpe:2.3:a:xigla:absolute_poll_manager_xe:4.1:*:*:*:*:*:*:*,http://securityreason.com/securityalert/4417;http://www.securityfocus.com/bid/31724;https://exchange.xforce.ibmcloud.com/vulnerabilities/45823;https://www.exploit-db.com/exploits/6731,SQL injection vulnerability in xlacomments.asp in XIGLA Software Absolute Poll Manager XE 4.1 allows remote attackers to execute arbitrary SQL commands via the p parameter.,cve@mitre.org,XLA,2026-09-21T18:43:55.486544+00:00
CVE-2009-1504,XLA,2009-05-01T17:30:00.483,2026-06-16T23:07:24.550,Modified,HIGH,7.5,AV:N/AC:L/Au:N/C:P/I:P/A:P,CWE-287,cpe:2.3:a:xigla:absolute_control_panel_xe:1.5:*:*:*:*:*:*:*,https://www.exploit-db.com/exploits/8529,"Absolute Form Processor XE 1.5 allows remote attackers to bypass authentication and gain administrative access by setting the xlaAFPadmin cookie to ""lvl=1&userid=1.""",cve@mitre.org,XLA,2026-09-21T18:43:55.486544+00:00
CVE-2012-5451,TVM,2015-04-24T14:59:04.843,2026-06-16T23:46:49.090,Modified,MEDIUM,5.0,AV:N/AC:L/Au:N/C:N/I:N/A:P,CWE-119,cpe:2.3:a:tvmobili:tvmobili:*:*:*:*:*:*:*:*,http://www.securityfocus.com/bid/56853;http://www.tvmobili.com/changelog.php;https://www.htbridge.com/advisory/HTB23120,Multiple stack-based buffer overflows in HttpUtils.dll in TVMOBiLi before 2.1.0.3974 allow remote attackers to cause a denial of service (tvMobiliService service crash) via a long string in a (1) GET or (2) HEAD request to TCP port 30888.,cve@mitre.org,TVM,2026-09-21T18:43:55.486544+00:00
CVE-2014-7604,Glow,2014-10-20T10:55:12.593,2026-06-17T00:15:26.690,Modified,MEDIUM,5.4,AV:A/AC:M/Au:N/C:P/I:P/A:P,CWE-310,cpe:2.3:a:easy_tips_for_glowing_skin_project:easy_tips_for_glowing_skin:1:*:*:*:*:android:*:*,http://www.kb.cert.org/vuls/id/582497;http://www.kb.cert.org/vuls/id/969257;https://docs.google.com/spreadsheets/d/1t5GXwjw82SyunALVJb2w0zi3FoLRIkfGPc7AMjRF0r4/edit?usp=sharing,"The Easy Tips For Glowing Skin (aka com.n.easytipsforglowingskin) application 1.0 for Android does not verify X.509 certificates from SSL servers, which allows man-in-the-middle attackers to spoof servers and obtain sensitive information via a crafted certificate.",cret@cert.org,Glow,2026-09-21T18:43:55.486544+00:00
CVE-2016-3279,XLA,2016-07-13T01:59:33.610,2026-06-17T00:45:24.980,Modified,MEDIUM,5.5,CVSS:3.0/AV:L/AC:L/PR:N/UI:R/S:U/C:N/I:H/A:N,CWE-254,cpe:2.3:a:microsoft:excel:2010:sp2:*:*:*:*:*:*;cpe:2.3:a:microsoft:excel:2013:sp1:*:*:*:*:*:*;cpe:2.3:a:microsoft:excel:2016:*:*:*:*:*:*:*;cpe:2.3:a:microsoft:excel_rt:2013:sp1:*:*:*:*:*:*;cpe:2.3:a:microsoft:office:2010:sp2:*:*:*:*:*:*;cpe:2.3:a:microsoft:office_web_apps:2010:sp2:*:*:*:*:*:*;cpe:2.3:a:microsoft:powerpoint:2010:sp2:*:*:*:*:*:*;cpe:2.3:a:microsoft:powerpoint:2013:sp1:*:*:*:*:*:*;cpe:2.3:a:microsoft:powerpoint_rt:2013:sp1:*:*:*:*:*:*;cpe:2.3:a:microsoft:sharepoint_server:2010:sp2:*:*:*:*:*:*;cpe:2.3:a:microsoft:word:2010:sp2:*:*:*:*:*:*;cpe:2.3:a:microsoft:word:2013:sp1:*:*:*:*:*:*;cpe:2.3:a:microsoft:word:2016:*:*:*:*:*:*:*;cpe:2.3:a:microsoft:word_rt:2013:sp1:*:*:*:*:*:*,http://www.securityfocus.com/bid/91587;http://www.securitytracker.com/id/1036274;http://www.securitytracker.com/id/1036275;https://docs.microsoft.com/en-us/security-updates/securitybulletins/2016/ms16-088,"Microsoft Office 2010 SP2, Excel 2010 SP2, PowerPoint 2010 SP2, Word 2010 SP2, Excel 2013 SP1, PowerPoint 2013 SP1, Word 2013 SP1, Excel 2013 RT SP1, PowerPoint 2013 RT SP1, Word 2013 RT SP1, Excel 2016, Word 2016, Word Automation Services on SharePoint Server 2010 SP2, and Office Web Apps 2010 SP2 allow remote attackers to execute arbitrary code via a crafted XLA file, aka ""Microsoft Office Remote Code Execution Vulnerability.""",secure@microsoft.com,XLA,2026-09-21T18:43:55.486544+00:00
CVE-2018-6766,TVM,2018-03-27T17:29:00.447,2026-06-17T02:02:14.593,Modified,HIGH,7.8,CVSS:3.0/AV:L/AC:L/PR:L/UI:N/S:U/C:H/I:H/A:H,CWE-427,cpe:2.3:a:swisscom:tvmediahelper:1.1.0.50:*:*:*:*:*:*:*,https://www.swisscom.ch/content/dam/swisscom/de/about/nachhaltigkeit/digitale-schweiz/sicherheit/bug-bounty/files/cve-2018-6766_tvmediahelper.txt,"Swisscom TVMediaHelper 1.1.0.50 contains a vulnerability that could allow an unauthenticated, remote attacker to execute arbitrary code on the targeted system. This vulnerability exists due to the way .dll files are loaded. It allows an attacker to load a .dll of the attacker's choosing that could execute arbitrary code without the user's knowledge. The specific flaw exists within the handling of several DLLs (dwmapi.dll, PROPSYS.dll, cscapi.dll, SAMLIB.dll, netbios.dll, winhttp.dll, security.dll, ntmarta.dll, WindowsCodecs.dll, apphelp.dll) loaded by the SwisscomTVMediaHelper.exe process.",cve@mitre.org,TVM,2026-09-21T18:43:55.486544+00:00
CVE-2018-10055,XLA,2019-04-24T17:29:00.270,2026-06-17T01:33:25.353,Modified,HIGH,8.1,CVSS:3.0/AV:N/AC:L/PR:N/UI:R/S:U/C:H/I:N/A:H,CWE-119,cpe:2.3:a:google:tensorflow:*:*:*:*:*:*:*:*,https://github.com/tensorflow/tensorflow/blob/master/tensorflow/security/advisory/tfsa-2018-006.md,Invalid memory access and/or a heap buffer overflow in the TensorFlow XLA compiler in Google TensorFlow before 1.7.1 could cause a crash or read from other parts of process memory via a crafted configuration file.,cve@mitre.org,XLA,2026-09-21T18:43:55.486544+00:00
CVE-2018-12162,OpenVINO,2018-09-12T19:29:01.497,2026-06-17T01:37:14.613,Modified,HIGH,7.8,CVSS:3.0/AV:L/AC:L/PR:L/UI:N/S:U/C:H/I:H/A:H,CWE-732,cpe:2.3:a:intel:openvino_toolkit:*:*:*:*:*:windows:*:*,https://www.intel.com/content/www/us/en/security-center/advisory/intel-sa-00172.html,Directory permissions in the Intel OpenVINO Toolkit for Windows before version 2018.1.265 may allow an authenticated user to potentially execute code using default directory permissions via local access.,secure@intel.com,OpenVINO,2026-09-21T18:43:55.486544+00:00
CVE-2019-0127,OpenVINO,2019-02-18T17:29:00.907,2026-06-17T02:07:45.370,Modified,LOW,3.9,CVSS:3.0/AV:P/AC:L/PR:H/UI:N/S:U/C:H/I:N/A:N,,cpe:2.3:a:intel:openvino:2018:r1.1:*:*:*:*:*:*;cpe:2.3:a:intel:openvino:2018:r1.2:*:*:*:*:*:*;cpe:2.3:a:intel:openvino:2018:r2:*:*:*:*:*:*;cpe:2.3:a:intel:openvino:2018:r3:*:*:*:*:*:*;cpe:2.3:o:linux:linux_kernel:-:*:*:*:*:*:*:*,http://www.securityfocus.com/bid/107110;https://www.intel.com/content/www/us/en/security-center/advisory/INTEL-SA-00222.html,Logic error in the installer for Intel(R) OpenVINO(TM) 2018 R3 and before for Linux may allow a privileged user to potentially enable information disclosure via local access.,secure@intel.com,OpenVINO,2026-09-21T18:43:55.486544+00:00
CVE-2020-12287,OpenVINO,2020-08-13T03:15:12.413,2026-06-17T02:51:34.320,Modified,HIGH,7.8,CVSS:3.1/AV:L/AC:L/PR:L/UI:N/S:U/C:H/I:H/A:H,CWE-276,cpe:2.3:a:intel:distribution_of_openvino_toolkit:*:*:*:*:*:*:*:*,https://www.intel.com/content/www/us/en/security-center/advisory/intel-sa-00399.html,Incorrect permissions in the Intel(R) Distribution of OpenVINO(TM) Toolkit before version 2020.2 may allow an authenticated user to potentially enable escalation of privilege via local access.,secure@intel.com,OpenVINO,2026-09-21T18:43:55.486544+00:00
CVE-2020-13825,TVM,2020-08-20T01:17:11.210,2026-06-17T02:53:43.593,Modified,MEDIUM,6.1,CVSS:3.1/AV:N/AC:L/PR:N/UI:R/S:C/C:L/I:L/A:N,CWE-79,cpe:2.3:a:i-doit:i-doit:*:*:*:*:*:*:*:*,https://www.wizlynxgroup.com/security-research-advisories/vuln/WLX-2020-005,"A cross-site scripting (XSS) vulnerability in i-doit 1.14.2 allows remote attackers to inject arbitrary web script or HTML via the viewMode, tvMode, tvType, objID, catgID, objTypeID, or editMode parameter.",cve@mitre.org,TVM,2026-09-21T18:43:55.486544+00:00
CVE-2020-27483,TVM,2020-11-16T21:15:13.300,2026-06-17T03:09:15.067,Modified,CRITICAL,9.9,CVSS:3.1/AV:N/AC:L/PR:L/UI:N/S:C/C:H/I:H/A:H,CWE-129,cpe:2.3:h:garmin:forerunner_235:-:*:*:*:*:*:*:*;cpe:2.3:o:garmin:forerunner_235_firmware:*:*:*:*:*:*:*:*,https://github.com/atredispartners/advisories/blob/master/ATREDIS-2020-0007.md,"Garmin Forerunner 235 before 8.20 is affected by: Array index error. The component is: ConnectIQ TVM. The attack vector is: To exploit the vulnerability, the attacker must upload a malicious ConnectIQ application to the ConnectIQ store. The ConnectIQ program interpreter trusts the offset provided for the stack value duplication instruction, DUP. The offset is unchecked and memory prior to the start of the execution stack can be read and treated as a TVM object. A successful exploit could use the vulnerability to leak runtime information such as the heap handle or pointer for a number of TVM context variables. Some reachable values may be controlled enough to forge a TVM object on the stack, leading to possible remote code execution.",cve@mitre.org,TVM,2026-09-21T18:43:55.486544+00:00
CVE-2020-27484,TVM,2020-11-16T21:15:13.377,2026-06-17T03:09:15.183,Modified,CRITICAL,9.9,CVSS:3.1/AV:N/AC:L/PR:L/UI:N/S:C/C:H/I:H/A:H,CWE-190,cpe:2.3:h:garmin:forerunner_235:-:*:*:*:*:*:*:*;cpe:2.3:o:garmin:forerunner_235_firmware:*:*:*:*:*:*:*:*,https://github.com/atredispartners/advisories/blob/master/ATREDIS-2020-0004.md,"Garmin Forerunner 235 before 8.20 is affected by: Integer Overflow. The component is: ConnectIQ TVM. The attack vector is: To exploit the vulnerability, the attacker must upload a malicious ConnectIQ application to the ConnectIQ store. The ConnectIQ program interpreter fails to check for overflow when allocating the array for the NEWA instruction. This a constrained read/write primitive across the entire MAX32630 address space. A successful exploit would allow a ConnectIQ app store application to escape and perform activities outside the restricted application execution environment.",cve@mitre.org,TVM,2026-09-21T18:43:55.486544+00:00
CVE-2020-27485,TVM,2020-11-16T21:15:13.440,2026-06-17T03:09:15.293,Modified,CRITICAL,9.9,CVSS:3.1/AV:N/AC:L/PR:L/UI:N/S:C/C:H/I:H/A:H,CWE-129,cpe:2.3:h:garmin:forerunner_235:-:*:*:*:*:*:*:*;cpe:2.3:o:garmin:forerunner_235_firmware:*:*:*:*:*:*:*:*,https://github.com/atredispartners/advisories/blob/master/ATREDIS-2020-0005.md,"Garmin Forerunner 235 before 8.20 is affected by: Array index error. The component is: ConnectIQ TVM. The attack vector is: To exploit the vulnerability, the attacker must upload a malicious ConnectIQ application to the ConnectIQ store. The ConnectIQ program interpreter fails to check the index provided when accessing the local variable in the LGETV and LPUTV instructions. This provides the ability to both read and write memory outside the bounds of the TVM context allocation. It can be leveraged to construct a use-after-free scenario, leading to a constrained read/write primitive across the entire MAX32630 address space. A successful exploit would allow a ConnectIQ app store application to escape and perform activities outside the restricted application execution environment.",cve@mitre.org,TVM,2026-09-21T18:43:55.486544+00:00
CVE-2020-27486,TVM,2020-11-16T21:15:13.517,2026-06-17T03:09:15.403,Modified,CRITICAL,9.9,CVSS:3.1/AV:N/AC:L/PR:L/UI:N/S:C/C:H/I:H/A:H,CWE-120,cpe:2.3:h:garmin:forerunner_235:-:*:*:*:*:*:*:*;cpe:2.3:o:garmin:forerunner_235_firmware:*:*:*:*:*:*:*:*,https://github.com/atredispartners/advisories/blob/master/ATREDIS-2020-0006.md,"Garmin Forerunner 235 before 8.20 is affected by: Buffer Overflow. The component is: ConnectIQ TVM. The attack vector is: To exploit the vulnerability, the attacker must upload a malicious ConnectIQ application to the ConnectIQ store. The ConnectIQ program interpreter trusts the string length provided in the data section of the PRG file. It allocates memory for the string immediately, and then copies the string into the TVM object by using a function similar to strcpy. This copy can exceed the length of the allocated string data and overwrite heap data. A successful exploit would allow a ConnectIQ app store application to escape and perform activities outside the restricted application execution environment.",cve@mitre.org,TVM,2026-09-21T18:43:55.486544+00:00
CVE-2021-26251,OpenVINO,2022-11-11T16:15:10.840,2026-06-17T03:43:00.363,Modified,MEDIUM,6.5,CVSS:3.1/AV:N/AC:L/PR:L/UI:N/S:U/C:N/I:N/A:H,CWE-20,cpe:2.3:a:intel:openvino:*:*:*:*:*:*:*:*,https://www.intel.com/content/www/us/en/security-center/advisory/intel-sa-00642.html,Improper input validation in the Intel(R) Distribution of OpenVINO(TM) Toolkit may allow an authenticated user to potentially enable denial of service via network access.,secure@intel.com,OpenVINO,2026-09-21T18:43:55.486544+00:00
CVE-2021-28977,XLA,2021-06-23T13:15:08.180,2026-06-17T03:47:07.277,Modified,MEDIUM,4.8,CVSS:3.1/AV:N/AC:L/PR:H/UI:R/S:C/C:L/I:L/A:N,CWE-79,cpe:2.3:a:get-simple:getsimplecms:*:*:*:*:*:*:*:*,https://github.com/GetSimpleCMS/GetSimpleCMS/issues/1336,"Cross Site Scripting vulnerability in GetSimpleCMS 3.3.16 in admin/upload.php by adding comments or jpg and other file header information to the content of xla, pages, and gzip files,",cve@mitre.org,XLA,2026-09-21T18:43:55.486544+00:00
CVE-2021-33073,OpenVINO,2021-11-17T20:15:10.020,2026-06-17T03:54:06.127,Modified,MEDIUM,5.5,CVSS:3.1/AV:L/AC:L/PR:L/UI:N/S:U/C:N/I:N/A:H,CWE-400,cpe:2.3:a:intel:distribution_of_openvino_toolkit:*:*:*:*:*:*:*:*,https://www.intel.com/content/www/us/en/security-center/advisory/intel-sa-00538.html,Uncontrolled resource consumption in the Intel(R) Distribution of OpenVINOâ„¢ Toolkit before version 2021.4 may allow an unauthenticated user to potentially enable denial of service via local access.,secure@intel.com,OpenVINO,2026-09-21T18:43:55.486544+00:00
CVE-2022-23595,XLA,2022-02-04T23:15:15.460,2026-06-17T04:30:26.460,Modified,MEDIUM,6.5,CVSS:3.1/AV:N/AC:L/PR:L/UI:N/S:U/C:N/I:N/A:H,CWE-476,cpe:2.3:a:google:tensorflow:*:*:*:*:*:*:*:*;cpe:2.3:a:google:tensorflow:2.7.0:*:*:*:*:*:*:*,https://github.com/tensorflow/tensorflow/blob/274df9b02330b790aa8de1cee164b70f72b9b244/tensorflow/compiler/jit/xla_platform_info.cc#L43-L104;https://github.com/tensorflow/tensorflow/commit/e21af685e1828f7ca65038307df5cc06de4479e8;https://github.com/tensorflow/tensorflow/security/advisories/GHSA-fpcp-9h7m-ffpx,"Tensorflow is an Open Source Machine Learning Framework. When building an XLA compilation cache, if default settings are used, TensorFlow triggers a null pointer dereference. In the default scenario, all devices are allowed, so `flr->config_proto` is `nullptr`. The fix will be included in TensorFlow 2.8.0. We will also cherrypick this commit on TensorFlow 2.7.1, TensorFlow 2.6.3, and TensorFlow 2.5.3, as these are also affected and still in supported range.",security-advisories@github.com,XLA,2026-09-21T18:43:55.486544+00:00
CVE-2022-29203,XLA,2022-05-20T23:15:44.543,2026-06-17T04:39:48.787,Modified,MEDIUM,5.5,CVSS:3.1/AV:L/AC:L/PR:L/UI:N/S:U/C:N/I:N/A:H,CWE-190,cpe:2.3:a:google:tensorflow:*:*:*:*:*:*:*:*;cpe:2.3:a:google:tensorflow:2.7.0:rc0:*:*:*:*:*:*;cpe:2.3:a:google:tensorflow:2.7.0:rc1:*:*:*:*:*:*;cpe:2.3:a:google:tensorflow:2.8.0:-:*:*:*:*:*:*;cpe:2.3:a:google:tensorflow:2.8.0:rc0:*:*:*:*:*:*;cpe:2.3:a:google:tensorflow:2.8.0:rc1:*:*:*:*:*:*;cpe:2.3:a:google:tensorflow:2.9.0:rc0:*:*:*:*:*:*;cpe:2.3:a:google:tensorflow:2.9.0:rc1:*:*:*:*:*:*,https://github.com/tensorflow/tensorflow/blob/master/tensorflow/security/advisory/tfsa-2021-198.md;https://github.com/tensorflow/tensorflow/commit/acd56b8bcb72b163c834ae4f18469047b001fadf;https://github.com/tensorflow/tensorflow/releases/tag/v2.6.4;https://github.com/tensorflow/tensorflow/releases/tag/v2.7.2;https://github.com/tensorflow/tensorflow/releases/tag/v2.8.1;https://github.com/tensorflow/tensorflow/releases/tag/v2.9.0;https://github.com/tensorflow/tensorflow/security/advisories/GHSA-jjm6-4vf7-cjh4,"TensorFlow is an open source platform for machine learning. Prior to versions 2.9.0, 2.8.1, 2.7.2, and 2.6.4, the implementation of `tf.raw_ops.SpaceToBatchND` (in all backends such as XLA and handwritten kernels) is vulnerable to an integer overflow: The result of this integer overflow is used to allocate the output tensor, hence we get a denial of service via a `CHECK`-failure (assertion failure), as in TFSA-2021-198. Versions 2.9.0, 2.8.1, 2.7.2, and 2.6.4 contain a patch for this issue.",security-advisories@github.com,XLA,2026-09-21T18:43:55.486544+00:00
CVE-2022-48340,XLA,2023-02-21T02:15:10.217,2026-06-17T05:15:11.683,Modified,HIGH,7.5,CVSS:3.1/AV:N/AC:L/PR:N/UI:N/S:U/C:N/I:N/A:H,CWE-416,cpe:2.3:a:gluster:glusterfs:11.0:-:*:*:*:*:*:*,https://github.com/gluster/glusterfs/issues/3732;https://lists.fedoraproject.org/archives/list/package-announce%40lists.fedoraproject.org/message/UE6K2DXP4QZVKP32Z7BSYDSRBL4H7JSE/,"In Gluster GlusterFS 11.0, there is an xlators/cluster/dht/src/dht-common.c dht_setxattr_mds_cbk use-after-free.",cve@mitre.org,XLA,2026-09-21T18:43:55.486544+00:00
CVE-2023-23299,TVM,2023-05-23T20:15:09.330,2026-06-17T05:36:49.007,Modified,HIGH,7.5,CVSS:3.1/AV:N/AC:L/PR:N/UI:N/S:U/C:H/I:N/A:N,CWE-863,cpe:2.3:a:garmin:connect-iq:*:*:*:*:*:*:*:*,https://developer.garmin.com/connect-iq/core-topics/manifest-and-permissions/;https://github.com/anvilsecure/garmin-ciq-app-research/blob/main/advisories/CVE-2023-23299.md,"The permission system implemented and enforced by the GarminOS TVM component in CIQ API version 1.0.0 through 4.1.7 can be bypassed entirely. A malicious application with specially crafted code and data sections could access restricted CIQ modules, call their functions and disclose sensitive data such as user profile information and GPS coordinates, among others.",cve@mitre.org,TVM,2026-09-21T18:43:55.486544+00:00
CVE-2023-23301,TVM,2023-05-23T20:15:09.427,2026-06-17T05:36:49.317,Modified,CRITICAL,9.8,CVSS:3.1/AV:N/AC:L/PR:N/UI:N/S:U/C:H/I:H/A:H,CWE-125,cpe:2.3:a:garmin:connect-iq:*:*:*:*:*:*:*:*,https://github.com/anvilsecure/garmin-ciq-app-research/blob/main/advisories/CVE-2023-23301.md,"The `news` MonkeyC operation code in CIQ API version 1.0.0 through 4.1.7 fails to check that string resources are not extending past the end of the expected sections. A malicious CIQ application could craft a string that starts near the end of a section, and whose length extends past its end. Upon loading the string, the GarminOS TVM component may read out-of-bounds memory.",cve@mitre.org,TVM,2026-09-21T18:43:55.486544+00:00
CVE-2023-23304,TVM,2023-05-23T20:15:09.573,2026-06-17T05:36:49.760,Modified,CRITICAL,9.1,CVSS:3.1/AV:N/AC:L/PR:N/UI:N/S:U/C:H/I:H/A:N,CWE-863,cpe:2.3:a:garmin:connect-iq:*:*:*:*:*:*:*:*,https://developer.garmin.com/connect-iq/api-docs/Toybox/SensorHistory.html;https://github.com/anvilsecure/garmin-ciq-app-research/blob/main/advisories/CVE-2023-23304.md,The GarminOS TVM component in CIQ API version 2.1.0 through 4.1.7 allows applications with a specially crafted head section to use the `Toybox.SensorHistory` module without permission. A malicious application could call any functions from the `Toybox.SensorHistory` module without the user's consent and disclose potentially private or sensitive information.,cve@mitre.org,TVM,2026-09-21T18:43:55.486544+00:00
CVE-2023-23305,TVM,2023-05-23T20:15:09.627,2026-06-17T05:36:49.953,Modified,CRITICAL,9.8,CVSS:3.1/AV:N/AC:L/PR:N/UI:N/S:U/C:H/I:H/A:H,CWE-120,cpe:2.3:a:garmin:connect-iq:*:*:*:*:*:*:*:*,https://github.com/anvilsecure/garmin-ciq-app-research/blob/main/advisories/CVE-2023-23305.md;https://github.com/anvilsecure/garmin-ciq-app-research/blob/main/poc/GRMN-06.prg,The GarminOS TVM component in CIQ API version 1.0.0 through 4.1.7 is vulnerable to various buffer overflows when loading binary resources. A malicious application embedding specially crafted resources could hijack the execution of the device's firmware.,cve@mitre.org,TVM,2026-09-21T18:43:55.486544+00:00
CVE-2023-25080,OpenVINO,2023-11-14T19:15:19.380,2026-06-17T05:40:38.090,Modified,MEDIUM,5.5,CVSS:3.1/AV:L/AC:L/PR:L/UI:N/S:U/C:H/I:N/A:N,CWE-693,cpe:2.3:a:intel:openvino:*:*:*:*:*:*:*:*,https://www.intel.com/content/www/us/en/security-center/advisory/intel-sa-00901.html,Protection mechanism failure in some Intel(R) Distribution of OpenVINO toolkit software before version 2023.0.0 may allow an authenticated user to potentially enable information disclosure via local access.,secure@intel.com,OpenVINO,2026-09-21T18:43:55.486544+00:00
CVE-2023-25673,XLA,2023-03-25T00:15:07.873,2026-06-17T05:41:42.760,Modified,HIGH,7.5,CVSS:3.1/AV:N/AC:L/PR:N/UI:N/S:U/C:N/I:N/A:H,CWE-697,cpe:2.3:a:google:tensorflow:*:*:*:*:*:*:*:*,https://github.com/tensorflow/tensorflow/commit/728113a3be690facad6ce436660a0bc1858017fa;https://github.com/tensorflow/tensorflow/security/advisories/GHSA-647v-r7qq-24fh,TensorFlow is an open source platform for machine learning. Versions prior to 2.12.0 and 2.11.1 have a Floating Point Exception in TensorListSplit with XLA. A fix is included in TensorFlow version 2.12.0 and version 2.11.1.,security-advisories@github.com,XLA,2026-09-21T18:43:55.486544+00:00
CVE-2023-25674,XLA,2023-03-25T00:15:07.937,2026-06-17T05:41:42.883,Modified,HIGH,7.5,CVSS:3.1/AV:N/AC:L/PR:N/UI:N/S:U/C:N/I:N/A:H,CWE-476,cpe:2.3:a:google:tensorflow:*:*:*:*:*:*:*:*,https://github.com/tensorflow/tensorflow/commit/728113a3be690facad6ce436660a0bc1858017fa;https://github.com/tensorflow/tensorflow/security/advisories/GHSA-gf97-q72m-7579,TensorFlow is an open source machine learning platform. Versions prior to 2.12.0 and 2.11.1 have a null pointer error in RandomShuffle with XLA enabled. A fix is included in TensorFlow 2.12.0 and 2.11.1.,security-advisories@github.com,XLA,2026-09-21T18:43:55.486544+00:00
CVE-2023-25675,XLA,2023-03-25T00:15:07.997,2026-06-17T05:41:43.013,Modified,HIGH,7.5,CVSS:3.1/AV:N/AC:L/PR:N/UI:N/S:U/C:N/I:N/A:H,CWE-697,cpe:2.3:a:google:tensorflow:*:*:*:*:*:*:*:*,https://github.com/tensorflow/tensorflow/commit/8ae76cf085f4be26295d2ecf2081e759e04b8acf;https://github.com/tensorflow/tensorflow/security/advisories/GHSA-7x4v-9gxg-9hwj,"TensorFlow is an open source machine learning platform. When running versions prior to 2.12.0 and 2.11.1 with XLA, `tf.raw_ops.Bincount` segfaults when given a parameter `weights` that is neither the same shape as parameter `arr` nor a length-0 tensor. A fix is included in TensorFlow 2.12.0 and 2.11.1.",security-advisories@github.com,XLA,2026-09-21T18:43:55.486544+00:00
CVE-2023-25676,XLA,2023-03-25T00:15:08.057,2026-06-17T05:41:43.143,Modified,HIGH,7.5,CVSS:3.1/AV:N/AC:L/PR:N/UI:N/S:U/C:N/I:N/A:H,CWE-476,cpe:2.3:a:google:tensorflow:*:*:*:*:*:*:*:*,https://github.com/tensorflow/tensorflow/commit/da66bc6d5ff466aee084f9e7397980a24890cd15;https://github.com/tensorflow/tensorflow/security/advisories/GHSA-6wfh-89q8-44jq,"TensorFlow is an open source machine learning platform. When running versions prior to 2.12.0 and 2.11.1 with XLA, `tf.raw_ops.ParallelConcat` segfaults with a nullptr dereference when given a parameter `shape` with rank that is not greater than zero. A fix is available in TensorFlow 2.12.0 and 2.11.1.",security-advisories@github.com,XLA,2026-09-21T18:43:55.486544+00:00
CVE-2023-26253,XLA,2023-02-21T02:15:10.367,2026-06-17T05:42:54.217,Modified,HIGH,7.5,CVSS:3.1/AV:N/AC:L/PR:N/UI:N/S:U/C:N/I:N/A:H,CWE-125,cpe:2.3:a:gluster:glusterfs:11.0:*:*:*:*:*:*:*,https://github.com/gluster/glusterfs/issues/3954;https://lists.fedoraproject.org/archives/list/package-announce%40lists.fedoraproject.org/message/UE6K2DXP4QZVKP32Z7BSYDSRBL4H7JSE/,"In Gluster GlusterFS 11.0, there is an xlators/mount/fuse/src/fuse-bridge.c notify stack-based buffer over-read.",cve@mitre.org,XLA,2026-09-21T18:43:55.486544+00:00
CVE-2023-28405,OpenVINO,2023-08-11T03:15:24.853,2026-06-17T05:47:38.790,Modified,HIGH,7.8,CVSS:3.1/AV:L/AC:L/PR:L/UI:N/S:U/C:H/I:H/A:H,CWE-427,cpe:2.3:a:intel:openvino:*:*:*:*:*:*:*:*,http://www.intel.com/content/www/us/en/security-center/advisory/intel-sa-00842.html,Uncontrolled search path in the Intel(R) Distribution of OpenVINO(TM) Toolkit before version 2022.3.0 may allow an authenticated user to potentially enable escalation of privilege via local access.,secure@intel.com,OpenVINO,2026-09-21T18:43:55.486544+00:00
CVE-2023-31203,OpenVINO,2023-11-14T19:15:24.707,2026-06-17T05:56:32.773,Modified,HIGH,7.5,CVSS:3.1/AV:N/AC:L/PR:N/UI:N/S:U/C:N/I:N/A:H,CWE-20,cpe:2.3:a:intel:openvino_model_server:*:*:*:*:*:*:*:*,https://www.intel.com/content/www/us/en/security-center/advisory/intel-sa-00901.html,Improper input validation in some OpenVINO Model Server software before version 2022.3 for Intel Distribution of OpenVINO toolkit may allow an unauthenticated user to potentially enable denial of service via network access.,secure@intel.com,OpenVINO,2026-09-21T18:43:55.486544+00:00
CVE-2023-39406,XLA,2023-08-13T13:15:13.560,2026-06-17T06:12:14.783,Modified,HIGH,7.5,CVSS:3.1/AV:N/AC:L/PR:N/UI:N/S:U/C:N/I:N/A:H,CWE-264,cpe:2.3:o:huawei:emui:13.0.0:*:*:*:*:*:*:*;cpe:2.3:o:huawei:harmonyos:3.0.0:*:*:*:*:*:*:*,https://consumer.huawei.com/en/support/bulletin/2023/8/;https://device.harmonyos.com/en/docs/security/update/security-bulletins-202308-0000001667644725,Permission control vulnerability in the XLayout component. Successful exploitation of this vulnerability may cause apps to forcibly restart.,psirt@huawei.com,XLA,2026-09-21T18:43:55.486544+00:00
CVE-2023-51483,Glow,2024-05-17T09:15:19.460,2026-06-17T06:41:02.840,Deferred,CRITICAL,9.8,CVSS:3.1/AV:N/AC:L/PR:N/UI:N/S:U/C:H/I:H/A:H,CWE-269,,https://patchstack.com/database/vulnerability/wp-front-end-profile/wordpress-wp-frontend-profile-plugin-1-3-1-unauthenticated-privilege-escalation-vulnerability?_s_id=cve,Improper Privilege Management vulnerability in Glowlogix WP Frontend Profile allows Privilege Escalation.This issue affects WP Frontend Profile: from n/a through 1.3.1.,audit@patchstack.com,Glow,2026-09-21T18:43:55.486544+00:00
CVE-2023-53034,XLA,2025-04-16T15:15:52.717,2026-08-04T10:18:52.693,Modified,HIGH,7.1,CVSS:3.1/AV:L/AC:L/PR:L/UI:N/S:U/C:H/I:N/A:H,CWE-125,cpe:2.3:o:linux:linux_kernel:*:*:*:*:*:*:*:*,https://git.kernel.org/stable/c/0df2e03e4620548b41891b4e0d1bd9d2e0d8a39a;https://git.kernel.org/stable/c/2429bdf26a0f3950fdd996861e9c1a3873af1dbe;https://git.kernel.org/stable/c/36d32cfb00d42e865396424bb5d340fc0a28870d;https://git.kernel.org/stable/c/5b6857bb3bfb0dae17fab1e42c1e82c204a508b1;https://git.kernel.org/stable/c/7ed22f8d8be26225a78cf5e85b2036421a6bf2d5;https://git.kernel.org/stable/c/c61a3f2df162ba424be0141649a9ef5f28eaccc1;https://git.kernel.org/stable/c/cb153bdc1812a3375639ed6ca5f147eaefb65349;https://git.kernel.org/stable/c/de203da734fae00e75be50220ba5391e7beecdf9;https://git.kernel.org/stable/c/f56951f211f181410a383d305e8d370993e45294;https://lists.debian.org/debian-lts-announce/2025/05/msg00030.html;https://lists.debian.org/debian-lts-announce/2025/05/msg00045.html,"In the Linux kernel, the following vulnerability has been resolved: ntb_hw_switchtec: Fix shift-out-of-bounds in switchtec_ntb_mw_set_trans There is a kernel API ntb_mw_clear_trans() would pass 0 to both addr and size. This would make xlate_pos negative. [ 23.734156] switchtec switchtec0: MW 0: part 0 addr 0x0000000000000000 size 0x0000000000000000 [ 23.734158] ================================================================================ [ 23.734172] UBSAN: shift-out-of-bounds in drivers/ntb/hw/mscc/ntb_hw_switchtec.c:293:7 [ 23.734418] shift exponent -1 is negative Ensuring xlate_pos is a positive or zero before BIT.",416baaa9-dc9f-4396-8d5f-8c081fb06d67,XLA,2026-09-21T18:43:55.486544+00:00
CVE-2024-32048,OpenVINO,2024-11-13T21:15:18.013,2026-06-17T07:29:10.860,Deferred,MEDIUM,6.0,CVSS:4.0/AV:A/AC:L/AT:P/PR:N/UI:N/VC:N/VI:N/VA:H/SC:N/SI:N/SA:N/E:X/CR:X/IR:X/AR:X/MAV:X/MAC:X/MAT:X/MPR:X/MUI:X/MVC:X/MVI:X/MVA:X/MSC:X/MSI:X/MSA:X/S:X/AU:X/R:X/V:X/RE:X/U:X,CWE-20,,https://www.intel.com/content/www/us/en/security-center/advisory/intel-sa-01158.html,Improper input validation in the Intel(R) Distribution of OpenVINO(TM) Model Server software before version 2024.0 may allow an unauthenticated user to potentially enable denial of service via adjacent access.,secure@intel.com,OpenVINO,2026-09-21T18:43:55.486544+00:00
CVE-2024-34524,XLA,2024-05-06T00:15:10.073,2026-06-17T07:33:33.833,Deferred,CRITICAL,9.1,CVSS:3.1/AV:N/AC:L/PR:N/UI:N/S:U/C:H/I:H/A:N,CWE-288,,https://github.com/xlang-ai/OpenAgents/blob/880e26adfe380e999962fc645fc8fc80bd72f103/backend/utils/utils.py#L31;https://github.com/xlang-ai/OpenAgents/issues/112,"In XLANG OpenAgents through fe73ac4, the allowed_file protection mechanism can be bypassed by using an incorrect file extension for the nature of the file content.",cve@mitre.org,XLA,2026-09-21T18:43:55.486544+00:00
CVE-2024-49878,XLA,2024-10-21T18:15:09.863,2026-06-17T08:00:38.507,Modified,MEDIUM,5.5,CVSS:3.1/AV:L/AC:L/PR:L/UI:N/S:U/C:N/I:N/A:H,,cpe:2.3:o:linux:linux_kernel:*:*:*:*:*:*:*:*,https://git.kernel.org/stable/c/06ff97a20b8c9e9d256b0d2c3e87f78f8ccea3de;https://git.kernel.org/stable/c/1d5f85f1b7db79c75c9e07d6571ce2a7bdf725c4;https://git.kernel.org/stable/c/333fbaf6864a4ca031367eb947961a1f3484d337;https://git.kernel.org/stable/c/393331e16ce205e036e58b3d8ca4ee2e635f21d9;https://git.kernel.org/stable/c/4b90d2eb451b357681063ba4552b10b39d7ad885;https://git.kernel.org/stable/c/8a6fef7d22a1d952aed68584d3fcc0d018d2bdc3;https://git.kernel.org/stable/c/927abc5b7d6d2c2e936bec5a2f71d9512c5e72f7;https://git.kernel.org/stable/c/b4afe4183ec77f230851ea139d91e5cf2644c68b;https://lists.debian.org/debian-lts-announce/2025/01/msg00001.html;https://lists.debian.org/debian-lts-announce/2025/03/msg00002.html,"In the Linux kernel, the following vulnerability has been resolved: resource: fix region_intersects() vs add_memory_driver_managed() On a system with CXL memory, the resource tree (/proc/iomem) related to CXL memory may look like something as follows. 490000000-50fffffff : CXL Window 0 490000000-50fffffff : region0 490000000-50fffffff : dax0.0 490000000-50fffffff : System RAM (kmem) Because drivers/dax/kmem.c calls add_memory_driver_managed() during onlining CXL memory, which makes ""System RAM (kmem)"" a descendant of ""CXL Window X"". This confuses region_intersects(), which expects all ""System RAM"" resources to be at the top level of iomem_resource. This can lead to bugs. For example, when the following command line is executed to write some memory in CXL memory range via /dev/mem, $ dd if=data of=/dev/mem bs=$((1 << 10)) seek=$((0x490000000 >> 10)) count=1 dd: error writing '/dev/mem': Bad address 1+0 records in 0+0 records out 0 bytes copied, 0.0283507 s, 0.0 kB/s the command fails as expected. However, the error code is wrong. It should be ""Operation not permitted"" instead of ""Bad address"". More seriously, the /dev/mem permission checking in devmem_is_allowed() passes incorrectly. Although the accessing is prevented later because ioremap() isn't allowed to map system RAM, it is a potential security issue. During command executing, the following warning is reported in the kernel log for calling ioremap() on system RAM. ioremap on RAM at 0x0000000490000000 - 0x0000000490000fff WARNING: CPU: 2 PID: 416 at arch/x86/mm/ioremap.c:216 __ioremap_caller.constprop.0+0x131/0x35d Call Trace: memremap+0xcb/0x184 xlate_dev_mem_ptr+0x25/0x2f write_mem+0x94/0xfb vfs_write+0x128/0x26d ksys_write+0xac/0xfe do_syscall_64+0x9a/0xfd entry_SYSCALL_64_after_hwframe+0x4b/0x53 The details of command execution process are as follows. In the above resource tree, ""System RAM"" is a descendant of ""CXL Window 0"" instead of a top level resource. So, region_intersects() will report no System RAM resources in the CXL memory region incorrectly, because it only checks the top level resources. Consequently, devmem_is_allowed() will return 1 (allow access via /dev/mem) for CXL memory region incorrectly. Fortunately, ioremap() doesn't allow to map System RAM and reject the access. So, region_intersects() needs to be fixed to work correctly with the resource tree with ""System RAM"" not at top level as above. To fix it, if we found a unmatched resource in the top level, we will continue to search matched resources in its descendant resources. So, we will not miss any matched resources in resource tree anymore. In the new implementation, an example resource tree |------------- ""CXL Window 0"" ------------| |-- ""System RAM"" --| will behave similar as the following fake resource tree for region_intersects(, IORESOURCE_SYSTEM_RAM, ), |-- ""System RAM"" --||-- ""CXL Window 0a"" --| Where ""CXL Window 0a"" is part of the original ""CXL Window 0"" that isn't covered by ""System RAM"".",416baaa9-dc9f-4396-8d5f-8c081fb06d67,XLA,2026-09-21T18:43:55.486544+00:00
CVE-2024-56594,ROCm,2024-12-27T15:15:18.727,2026-06-17T08:12:29.960,Modified,MEDIUM,5.5,CVSS:3.1/AV:L/AC:L/PR:L/UI:N/S:U/C:N/I:N/A:H,,cpe:2.3:o:linux:linux_kernel:*:*:*:*:*:*:*:*,https://git.kernel.org/stable/c/13c3a54f48a612a117dfd82a9dd91732261e869d;https://git.kernel.org/stable/c/76581147b05c2adb6b47bbc697521725f10224e4;https://git.kernel.org/stable/c/76649ccf97e2cd72b62e34ed2fba6e0f89497eab;https://git.kernel.org/stable/c/b5807a08954fdf914ef80b49aaa6cda965ecc95c;https://git.kernel.org/stable/c/b9e52a96ec92245bf15dabba1d3d862d7a03efb8;https://git.kernel.org/stable/c/e2e97435783979124ba92d6870415c57ecfef6a5;https://git.kernel.org/stable/c/ff0346a74627a5f607a33a3852586f8c7f678329;https://lists.debian.org/debian-lts-announce/2025/03/msg00001.html;https://lists.debian.org/debian-lts-announce/2025/03/msg00002.html,"In the Linux kernel, the following vulnerability has been resolved: drm/amdgpu: set the right AMDGPU sg segment limitation The driver needs to set the correct max_segment_size; otherwise debug_dma_map_sg() will complain about the over-mapping of the AMDGPU sg length as following: WARNING: CPU: 6 PID: 1964 at kernel/dma/debug.c:1178 debug_dma_map_sg+0x2dc/0x370 [ 364.049444] Modules linked in: veth amdgpu(OE) amdxcp drm_exec gpu_sched drm_buddy drm_ttm_helper ttm(OE) drm_suballoc_helper drm_display_helper drm_kms_helper i2c_algo_bit rpcsec_gss_krb5 auth_rpcgss nfsv4 nfs lockd grace netfs xt_conntrack xt_MASQUERADE nf_conntrack_netlink xfrm_user xfrm_algo iptable_nat xt_addrtype iptable_filter br_netfilter nvme_fabrics overlay nfnetlink_cttimeout nfnetlink openvswitch nsh nf_conncount nf_nat nf_conntrack nf_defrag_ipv6 nf_defrag_ipv4 libcrc32c bridge stp llc amd_atl intel_rapl_msr intel_rapl_common sunrpc sch_fq_codel snd_hda_codec_realtek snd_hda_codec_generic snd_hda_scodec_component snd_hda_codec_hdmi snd_hda_intel snd_intel_dspcfg edac_mce_amd binfmt_misc snd_hda_codec snd_pci_acp6x snd_hda_core snd_acp_config snd_hwdep snd_soc_acpi kvm_amd snd_pcm kvm snd_seq_midi snd_seq_midi_event crct10dif_pclmul ghash_clmulni_intel sha512_ssse3 snd_rawmidi sha256_ssse3 sha1_ssse3 aesni_intel snd_seq nls_iso8859_1 crypto_simd snd_seq_device cryptd snd_timer rapl input_leds snd [ 364.049532] ipmi_devintf wmi_bmof ccp serio_raw k10temp sp5100_tco soundcore ipmi_msghandler cm32181 industrialio mac_hid msr parport_pc ppdev lp parport drm efi_pstore ip_tables x_tables pci_stub crc32_pclmul nvme ahci libahci i2c_piix4 r8169 nvme_core i2c_designware_pci realtek i2c_ccgx_ucsi video wmi hid_generic cdc_ether usbnet usbhid hid r8152 mii [ 364.049576] CPU: 6 PID: 1964 Comm: rocminfo Tainted: G OE 6.10.0-custom #492 [ 364.049579] Hardware name: AMD Majolica-RN/Majolica-RN, BIOS RMJ1009A 06/13/2021 [ 364.049582] RIP: 0010:debug_dma_map_sg+0x2dc/0x370 [ 364.049585] Code: 89 4d b8 e8 36 b1 86 00 8b 4d b8 48 8b 55 b0 44 8b 45 a8 4c 8b 4d a0 48 89 c6 48 c7 c7 00 4b 74 bc 4c 89 4d b8 e8 b4 73 f3 ff <0f> 0b 4c 8b 4d b8 8b 15 c8 2c b8 01 85 d2 0f 85 ee fd ff ff 8b 05 [ 364.049588] RSP: 0018:ffff9ca600b57ac0 EFLAGS: 00010286 [ 364.049590] RAX: 0000000000000000 RBX: ffff88b7c132b0c8 RCX: 0000000000000027 [ 364.049592] RDX: ffff88bb0f521688 RSI: 0000000000000001 RDI: ffff88bb0f521680 [ 364.049594] RBP: ffff9ca600b57b20 R08: 000000000000006f R09: ffff9ca600b57930 [ 364.049596] R10: ffff9ca600b57928 R11: ffffffffbcb46328 R12: 0000000000000000 [ 364.049597] R13: 0000000000000001 R14: ffff88b7c19c0700 R15: ffff88b7c9059800 [ 364.049599] FS: 00007fb2d3516e80(0000) GS:ffff88bb0f500000(0000) knlGS:0000000000000000 [ 364.049601] CS: 0010 DS: 0000 ES: 0000 CR0: 0000000080050033 [ 364.049603] CR2: 000055610bd03598 CR3: 00000001049f6000 CR4: 0000000000350ef0 [ 364.049605] Call Trace: [ 364.049607] <TASK> [ 364.049609] ? show_regs+0x6d/0x80 [ 364.049614] ? __warn+0x8c/0x140 [ 364.049618] ? debug_dma_map_sg+0x2dc/0x370 [ 364.049621] ? report_bug+0x193/0x1a0 [ 364.049627] ? handle_bug+0x46/0x80 [ 364.049631] ? exc_invalid_op+0x1d/0x80 [ 364.049635] ? asm_exc_invalid_op+0x1f/0x30 [ 364.049642] ? debug_dma_map_sg+0x2dc/0x370 [ 364.049647] __dma_map_sg_attrs+0x90/0xe0 [ 364.049651] dma_map_sgtable+0x25/0x40 [ 364.049654] amdgpu_bo_move+0x59a/0x850 [amdgpu] [ 364.049935] ? srso_return_thunk+0x5/0x5f [ 364.049939] ? amdgpu_ttm_tt_populate+0x5d/0xc0 [amdgpu] [ 364.050095] ttm_bo_handle_move_mem+0xc3/0x180 [ttm] [ 364.050103] ttm_bo_validate+0xc1/0x160 [ttm] [ 364.050108] ? amdgpu_ttm_tt_get_user_pages+0xe5/0x1b0 [amdgpu] [ 364.050263] amdgpu_amdkfd_gpuvm_alloc_memory_of_gpu+0xa12/0xc90 [amdgpu] [ 364.050473] kfd_ioctl_alloc_memory_of_gpu+0x16b/0x3b0 [amdgpu] [ 364.050680] kfd_ioctl+0x3c2/0x530 [amdgpu] [ 364.050866] ? __pfx_kfd_ioctl_alloc_memory_of_gpu+0x10/0x10 [amdgpu] [ 364.05105 ---truncated---",416baaa9-dc9f-4396-8d5f-8c081fb06d67,ROCm,2026-09-21T18:43:55.486544+00:00
CVE-2025-6282,XLA,2025-06-19T22:15:20.520,2026-06-17T10:01:31.540,Analyzed,LOW,2.0,CVSS:4.0/AV:A/AC:L/AT:N/PR:L/UI:N/VC:L/VI:L/VA:L/SC:N/SI:N/SA:N/E:P/CR:X/IR:X/AR:X/MAV:X/MAC:X/MAT:X/MPR:X/MUI:X/MVC:X/MVI:X/MVA:X/MSC:X/MSI:X/MSA:X/S:X/AU:X/R:X/V:X/RE:X/U:X,CWE-22,cpe:2.3:a:xlang:openagents:*:*:*:*:*:*:*:*,https://github.com/xlang-ai/OpenAgents/issues/141;https://vuldb.com/?ctiid.313286;https://vuldb.com/?id.313286;https://vuldb.com/?submit.593616,"A vulnerability was found in xlang-ai OpenAgents up to ff2e46440699af1324eb25655b622c4a131265bb and classified as critical. Affected by this issue is the function create_upload_file of the file backend/api/file.py. The manipulation leads to path traversal. The exploit has been disclosed to the public and may be used. Continious delivery with rolling releases is used by this product. Therefore, no version details of affected nor updated releases are available. The reported GitHub issue was closed automatically with the label ""not planned"" by a bot.",cna@vuldb.com,XLA,2026-09-21T18:43:55.486544+00:00
CVE-2025-22892,OpenVINO,2025-05-13T21:16:10.207,2026-06-17T08:50:48.743,Deferred,HIGH,7.1,CVSS:4.0/AV:A/AC:L/AT:N/PR:N/UI:N/VC:N/VI:N/VA:H/SC:N/SI:N/SA:N/E:X/CR:X/IR:X/AR:X/MAV:X/MAC:X/MAT:X/MPR:X/MUI:X/MVC:X/MVI:X/MVA:X/MSC:X/MSI:X/MSA:X/S:X/AU:X/R:X/V:X/RE:X/U:X,CWE-400,,https://intel.com/content/www/us/en/security-center/advisory/intel-sa-01272.html,Uncontrolled resource consumption for some OpenVINO™ model server software maintained by Intel(R) before version 2024.4 may allow an unauthenticated user to potentially enable denial of service via adjacent access.,secure@intel.com,OpenVINO,2026-09-21T18:43:55.486544+00:00
CVE-2025-23254,TensorRT,2025-05-01T14:15:36.507,2026-06-17T08:52:57.247,Deferred,HIGH,8.8,CVSS:3.1/AV:L/AC:L/PR:L/UI:N/S:C/C:H/I:H/A:H,CWE-502,,https://nvidia.custhelp.com/app/answers/detail/a_id/5648,"NVIDIA TensorRT-LLM for any platform contains a vulnerability in python executor where an attacker may cause a data validation issue by local access to the TRTLLM server. A successful exploit of this vulnerability may lead to code execution, information disclosure and data tampering.",psirt@nvidia.com,NVIDIA TensorRT;TensorRT,2026-09-21T18:43:55.486544+00:00
CVE-2025-70957,TVM,2026-02-13T22:16:10.413,2026-06-17T10:03:28.820,Deferred,HIGH,7.5,CVSS:3.1/AV:N/AC:L/PR:N/UI:N/S:U/C:N/I:N/A:H,CWE-674,,https://gist.github.com/Lucian-code233/d2589ece39914195c0e307b4dee32185;https://github.com/ton-blockchain/ton/commit/e35b34de22109596a54d1357dcce92d63002ba95;https://mp.weixin.qq.com/s/KT4RKNey_mjU2kBWpGTjuw,"A Denial of Service (DoS) vulnerability was discovered in the TON Lite Server before v2024.09. The vulnerability arises from the handling of external arguments passed to locally executed ""get methods."" An attacker can inject a constructed Continuation object (an internal TVM type) that is normally restricted within the VM. When the TVM executes this malicious continuation, it consumes excessive CPU resources while accruing disproportionately low virtual gas costs. This ""free"" computation allows an attacker to monopolize the Lite Server's processing power, significantly reducing its throughput and causing a denial of service for legitimate users acting through the gateway.",cve@mitre.org,TVM,2026-09-21T18:43:55.486544+00:00
CVE-2026-4200,Glow,2026-03-16T14:20:04.847,2026-06-17T10:56:10.480,Deferred,MEDIUM,5.5,CVSS:4.0/AV:N/AC:L/AT:N/PR:N/UI:N/VC:L/VI:L/VA:L/SC:N/SI:N/SA:N/E:P/CR:X/IR:X/AR:X/MAV:X/MAC:X/MAT:X/MPR:X/MUI:X/MVC:X/MVI:X/MVA:X/MSC:X/MSI:X/MSA:X/S:X/AU:X/R:X/V:X/RE:X/U:X,CWE-918,,https://fx4tqqfvdw4.feishu.cn/docx/K0SjdZTPRo31LExSdlfcC3jwn1c?from=from_copylink;https://vuldb.com/?ctiid.351112;https://vuldb.com/?id.351112;https://vuldb.com/?submit.770476,"A security flaw has been discovered in glowxq glowxq-oj up to 6f7c723090472057252040fd2bbbdaa1b5ed2393. This affects the function uploadTestcaseZipUrl of the file business/business-oj/src/main/java/com/glowxq/oj/problem/controller/ProblemCaseController.java. Performing a manipulation results in server-side request forgery. The attack can be initiated remotely. The exploit has been released to the public and may be used for attacks. Continious delivery with rolling releases is used by this product. Therefore, no version details of affected nor updated releases are available. The vendor was contacted early about this disclosure but did not respond in any way.",cna@vuldb.com,Glow,2026-09-21T18:43:55.486544+00:00
CVE-2026-4201,Glow,2026-03-16T14:20:05.070,2026-06-17T10:56:10.603,Deferred,MEDIUM,5.5,CVSS:4.0/AV:N/AC:L/AT:N/PR:N/UI:N/VC:L/VI:L/VA:L/SC:N/SI:N/SA:N/E:P/CR:X/IR:X/AR:X/MAV:X/MAC:X/MAT:X/MPR:X/MUI:X/MVC:X/MVI:X/MVA:X/MSC:X/MSI:X/MSA:X/S:X/AU:X/R:X/V:X/RE:X/U:X,CWE-284;CWE-434,,https://fx4tqqfvdw4.feishu.cn/docx/XM7MdiAtxodVIOx5HXScEdOsn47?from=from_copylink;https://vuldb.com/?ctiid.351113;https://vuldb.com/?id.351113;https://vuldb.com/?submit.770477,A weakness has been identified in glowxq glowxq-oj up to 6f7c723090472057252040fd2bbbdaa1b5ed2393. This vulnerability affects the function Upload of the file business/business-system/src/main/java/com/glowxq/system/admin/controller/SysFileController.java. Executing a manipulation can lead to unrestricted upload. The attack can be launched remotely. The exploit has been made available to the public and could be used for attacks. This product does not use versioning. This is why information about affected and unaffected releases are unavailable. The vendor was contacted early about this disclosure but did not respond in any way.,cna@vuldb.com,Glow,2026-09-21T18:43:55.486544+00:00
CVE-2026-23154,XLA,2026-02-14T16:15:55.550,2026-07-14T13:18:26.587,Modified,MEDIUM,5.5,CVSS:3.1/AV:L/AC:L/PR:L/UI:N/S:U/C:N/I:N/A:H,,cpe:2.3:o:linux:linux_kernel:*:*:*:*:*:*:*:*;cpe:2.3:o:linux:linux_kernel:6.19:rc1:*:*:*:*:*:*;cpe:2.3:o:linux:linux_kernel:6.19:rc2:*:*:*:*:*:*;cpe:2.3:o:linux:linux_kernel:6.19:rc3:*:*:*:*:*:*;cpe:2.3:o:linux:linux_kernel:6.19:rc4:*:*:*:*:*:*;cpe:2.3:o:linux:linux_kernel:6.19:rc5:*:*:*:*:*:*;cpe:2.3:o:linux:linux_kernel:6.19:rc6:*:*:*:*:*:*;cpe:2.3:o:linux:linux_kernel:6.19:rc7:*:*:*:*:*:*,https://git.kernel.org/stable/c/2cbef9ea5a0ac51863ede35c45f26931a85d3888;https://git.kernel.org/stable/c/3d48d59235c494d34e32052f768393111c0806ef;https://git.kernel.org/stable/c/3e62db1e3140449608975e29e0979cc5f3b1cc07;https://git.kernel.org/stable/c/426ca15c7f6cb6562a081341ca88893a50c59fa2;https://git.kernel.org/stable/c/9122d7280b2303e835cdfec156bd932ac1f586ed;https://cert-portal.siemens.com/productcert/html/ssa-019113.html;https://cert-portal.siemens.com/productcert/html/ssa-082556.html,"In the Linux kernel, the following vulnerability has been resolved: net: fix segmentation of forwarding fraglist GRO This patch enhances GSO segment handling by properly checking the SKB_GSO_DODGY flag for frag_list GSO packets, addressing low throughput issues observed when a station accesses IPv4 servers via hotspots with an IPv6-only upstream interface. Specifically, it fixes a bug in GSO segmentation when forwarding GRO packets containing a frag_list. The function skb_segment_list cannot correctly process GRO skbs that have been converted by XLAT, since XLAT only translates the header of the head skb. Consequently, skbs in the frag_list may remain untranslated, resulting in protocol inconsistencies and reduced throughput. To address this, the patch explicitly sets the SKB_GSO_DODGY flag for GSO packets in XLAT's IPv4/IPv6 protocol translation helpers (bpf_skb_proto_4_to_6 and bpf_skb_proto_6_to_4). This marks GSO packets as potentially modified after protocol translation. As a result, GSO segmentation will avoid using skb_segment_list and instead falls back to skb_segment for packets with the SKB_GSO_DODGY flag. This ensures that only safe and fully translated frag_list packets are processed by skb_segment_list, resolving protocol inconsistencies and improving throughput when forwarding GRO packets converted by XLAT.",416baaa9-dc9f-4396-8d5f-8c081fb06d67,XLA,2026-09-21T18:43:55.486544+00:00
CVE-2026-24188,TensorRT,2026-05-20T20:16:36.203,2026-07-23T12:10:00.110,Analyzed,HIGH,7.5,CVSS:3.1/AV:N/AC:L/PR:N/UI:N/S:U/C:N/I:H/A:N,CWE-787,cpe:2.3:a:nvidia:tensorrt:*:*:*:*:*:*:*:*,https://nvd.nist.gov/vuln/detail/CVE-2026-24188;https://nvidia.custhelp.com/app/answers/detail/a_id/5836;https://www.cve.org/CVERecord?id=CVE-2026-24188,NVIDIA TensorRT contains a vulnerability where an attacker could cause an out-of-bounds write. A successful exploit of this vulnerability might lead to data tampering.,psirt@nvidia.com,NVIDIA TensorRT;TensorRT,2026-09-21T18:43:55.486544+00:00
CVE-2026-24220,TensorRT,2026-07-14T21:16:43.773,2026-07-15T16:23:03.437,Undergoing Analysis,MEDIUM,6.4,CVSS:3.1/AV:L/AC:H/PR:H/UI:N/S:U/C:H/I:H/A:H,CWE-502,,https://nvd.nist.gov/vuln/detail/CVE-2026-24220;https://www.cve.org/CVERecord?id=CVE-2026-24220,"NVIDIA TensorRT-LLM for any platform contains a vulnerability in visual gen server, where an attacker could cause an unsafe deserialization by unauthorized zeroMQ deserialization. A successful exploit of this vulnerability might lead to code execution.",psirt@nvidia.com,NVIDIA TensorRT;TensorRT,2026-09-21T18:43:55.486544+00:00
CVE-2026-24226,TensorRT,2026-07-14T21:16:43.880,2026-07-15T18:20:21.237,Deferred,MEDIUM,6.3,CVSS:3.1/AV:L/AC:H/PR:H/UI:R/S:U/C:H/I:H/A:H,CWE-829,,https://nvd.nist.gov/vuln/detail/CVE-2026-24226;https://www.cve.org/CVERecord?id=CVE-2026-24226,"NVIDIA TensorRT-LLM for Linux contains a vulnerability where an attacker could cause improper control of code generation. A successful exploit of this vulnerability might lead to code execution, data tampering, and information disclosure.",psirt@nvidia.com,NVIDIA TensorRT;TensorRT,2026-09-21T18:43:55.486544+00:00
CVE-2026-24227,TensorRT,2026-07-14T21:16:43.983,2026-07-17T03:31:06.200,Analyzed,CRITICAL,9.8,CVSS:3.1/AV:N/AC:L/PR:N/UI:N/S:U/C:H/I:H/A:H,CWE-502,cpe:2.3:a:nvidia:tensorrt:*:*:*:*:*:*:*:*,https://nvd.nist.gov/vuln/detail/CVE-2026-24227;https://nvidia.custhelp.com/app/answers/detail/a_id/5855;https://www.cve.org/CVERecord?id=CVE-2026-24227,NVIDIA TensorRT for contains a vulnerability where a user might cause a deserialization of untrusted data. A successful exploit of this vulnerability might lead to code execution.,psirt@nvidia.com,NVIDIA TensorRT;TensorRT,2026-09-21T18:43:55.486544+00:00
CVE-2026-24229,TensorRT,2026-07-14T21:16:44.087,2026-07-15T18:20:21.237,Deferred,HIGH,7.3,CVSS:3.1/AV:L/AC:L/PR:N/UI:N/S:U/C:H/I:L/A:L,CWE-306,,https://nvd.nist.gov/vuln/detail/CVE-2026-24229;https://www.cve.org/CVERecord?id=CVE-2026-24229,"NVIDIA TensorRT-LLM for Linux contains a vulnerability in the disaggregated orchestrator component, where an attacker could read, write, or delete internal cluster state by sending requests to the FastAPI server. A successful exploit of this vulnerability might lead to information disclosure, data tampering, and denial of service.",psirt@nvidia.com,NVIDIA TensorRT;TensorRT,2026-09-21T18:43:55.486544+00:00
CVE-2026-24233,TensorRT,2026-07-14T21:16:44.187,2026-07-15T18:20:21.237,Deferred,HIGH,8.4,CVSS:3.1/AV:L/AC:L/PR:N/UI:N/S:U/C:H/I:H/A:H,CWE-502,,https://nvd.nist.gov/vuln/detail/CVE-2026-24233;https://www.cve.org/CVERecord?id=CVE-2026-24233,"NVIDIA TensorRT-LLM for Linux contains a vulnerability in the restricted unpickler used for model weight deserialization, where a local, unauthenticated attacker could cause deserialization of untrusted data. A successful exploit of this vulnerability might lead to code execution, escalation of privileges, data tampering, and information disclosure.",psirt@nvidia.com,NVIDIA TensorRT;TensorRT,2026-09-21T18:43:55.486544+00:00
CVE-2026-24234,TensorRT,2026-07-14T21:16:44.293,2026-07-15T18:20:21.237,Deferred,MEDIUM,6.8,CVSS:3.1/AV:L/AC:L/PR:N/UI:N/S:C/C:L/I:L/A:L,CWE-918,,https://nvd.nist.gov/vuln/detail/CVE-2026-24234;https://www.cve.org/CVERecord?id=CVE-2026-24234,"NVIDIA TensorRT-LLM for Linux contains a vulnerability in the multimodal media fetching functions, where a network-accessible attacker could cause server-side request forgery. A successful exploit of this vulnerability might lead to denial of service and information disclosure.",psirt@nvidia.com,NVIDIA TensorRT;TensorRT,2026-09-21T18:43:55.486544+00:00
CVE-2026-24238,TensorRT,2026-07-14T21:16:44.397,2026-07-17T03:30:48.813,Analyzed,HIGH,7.8,CVSS:3.1/AV:L/AC:L/PR:N/UI:R/S:U/C:H/I:H/A:H,CWE-129,cpe:2.3:a:nvidia:tensorrt:*:*:*:*:*:*:*:*,https://nvd.nist.gov/vuln/detail/CVE-2026-24238;https://nvidia.custhelp.com/app/answers/detail/a_id/5855;https://www.cve.org/CVERecord?id=CVE-2026-24238,NVIDIA TensorRT for contains a vulnerability where an attacker might cause an improper validation of array index. A successful exploit of this vulnerability might lead to code execution.,psirt@nvidia.com,NVIDIA TensorRT;TensorRT,2026-09-21T18:43:55.486544+00:00
CVE-2026-24259,TensorRT,2026-07-14T21:16:44.510,2026-07-15T18:20:21.237,Deferred,MEDIUM,6.4,CVSS:3.1/AV:L/AC:H/PR:H/UI:N/S:U/C:H/I:H/A:H,CWE-306,,https://nvd.nist.gov/vuln/detail/CVE-2026-24259;https://www.cve.org/CVERecord?id=CVE-2026-24259,"NVIDIA TensorRT-LLM for Linux contains a vulnerability where an attacker could cause missing authentication for a critical function. A successful exploit of this vulnerability might lead to code execution, data tampering, and information disclosure.",psirt@nvidia.com,NVIDIA TensorRT;TensorRT,2026-09-21T18:43:55.486544+00:00
CVE-2026-24268,TensorRT,2026-07-14T21:16:44.610,2026-07-17T03:30:25.633,Analyzed,HIGH,7.8,CVSS:3.1/AV:L/AC:L/PR:N/UI:R/S:U/C:H/I:H/A:H,CWE-122,cpe:2.3:a:nvidia:tensorrt:*:*:*:*:*:*:*:*,https://nvd.nist.gov/vuln/detail/CVE-2026-24268;https://nvidia.custhelp.com/app/answers/detail/a_id/5855;https://www.cve.org/CVERecord?id=CVE-2026-24268,NVIDIA TensorRT contains a vulnerability where an attacker might cause a heap-based buffer overflow. A successful exploit of this vulnerability might lead to code execution.,psirt@nvidia.com,NVIDIA TensorRT;TensorRT,2026-09-21T18:43:55.486544+00:00
CVE-2026-24271,TensorRT,2026-07-14T21:16:44.717,2026-07-15T18:20:21.237,Deferred,MEDIUM,6.2,CVSS:3.1/AV:L/AC:L/PR:N/UI:N/S:U/C:N/I:N/A:H,CWE-770,,https://nvd.nist.gov/vuln/detail/CVE-2026-24271;https://www.cve.org/CVERecord?id=CVE-2026-24271,"NVIDIA TensorRT-LLM contains a vulnerability in the OpenAI-compatible inference API, where an attacker could cause allocation of GPU resources without limits or throttling. A successful exploit of this vulnerability might lead to denial of service.",psirt@nvidia.com,NVIDIA TensorRT;TensorRT,2026-09-21T18:43:55.486544+00:00
CVE-2026-24272,TensorRT,2026-07-14T21:16:44.817,2026-07-17T03:28:54.453,Analyzed,HIGH,7.8,CVSS:3.1/AV:L/AC:L/PR:N/UI:R/S:U/C:H/I:H/A:H,CWE-122,cpe:2.3:a:nvidia:tensorrt:*:*:*:*:*:*:*:*,https://nvd.nist.gov/vuln/detail/CVE-2026-24272;https://nvidia.custhelp.com/app/answers/detail/a_id/5855;https://www.cve.org/CVERecord?id=CVE-2026-24272,NVIDIA TensorRT contains a vulnerability where an attacker might cause an overflow to a heap-based buffer. A successful exploit of this vulnerability might lead to code execution.,psirt@nvidia.com,NVIDIA TensorRT;TensorRT,2026-09-21T18:43:55.486544+00:00
CVE-2026-31765,ROCm,2026-05-01T15:16:39.633,2026-06-17T10:34:25.330,Analyzed,MEDIUM,5.5,CVSS:3.1/AV:L/AC:L/PR:L/UI:N/S:U/C:N/I:N/A:H,CWE-476,cpe:2.3:o:linux:linux_kernel:*:*:*:*:*:*:*:*;cpe:2.3:o:linux:linux_kernel:7.0:rc1:*:*:*:*:*:*;cpe:2.3:o:linux:linux_kernel:7.0:rc2:*:*:*:*:*:*;cpe:2.3:o:linux:linux_kernel:7.0:rc3:*:*:*:*:*:*;cpe:2.3:o:linux:linux_kernel:7.0:rc4:*:*:*:*:*:*;cpe:2.3:o:linux:linux_kernel:7.0:rc5:*:*:*:*:*:*;cpe:2.3:o:linux:linux_kernel:7.0:rc6:*:*:*:*:*:*,https://git.kernel.org/stable/c/4487571ef17a30d274600b3bd6965f497a881299;https://git.kernel.org/stable/c/6b2614a0ff05a2d2836311425091c8feca6f0c21;https://git.kernel.org/stable/c/77c918eaa4c916751769242567407f61c6af142a;https://git.kernel.org/stable/c/d3508cf822c4d96d3e492210314f8f6f2da7df58,"In the Linux kernel, the following vulnerability has been resolved: drm/amdgpu: Change AMDGPU_VA_RESERVED_TRAP_SIZE to 64KB Currently, AMDGPU_VA_RESERVED_TRAP_SIZE is hardcoded to 8KB, while KFD_CWSR_TBA_TMA_SIZE is defined as 2 * PAGE_SIZE. On systems with 4K pages, both values match (8KB), so allocation and reserved space are consistent. However, on 64K page-size systems, KFD_CWSR_TBA_TMA_SIZE becomes 128KB, while the reserved trap area remains 8KB. This mismatch causes the kernel to crash when running rocminfo or rccl unit tests. Kernel attempted to read user page (2) - exploit attempt? (uid: 1001) BUG: Kernel NULL pointer dereference on read at 0x00000002 Faulting instruction address: 0xc0000000002c8a64 Oops: Kernel access of bad area, sig: 11 [#1] LE PAGE_SIZE=64K MMU=Radix SMP NR_CPUS=2048 NUMA pSeries CPU: 34 UID: 1001 PID: 9379 Comm: rocminfo Tainted: G E 6.19.0-rc4-amdgpu-00320-gf23176405700 #56 VOLUNTARY Tainted: [E]=UNSIGNED_MODULE Hardware name: IBM,9105-42A POWER10 (architected) 0x800200 0xf000006 of:IBM,FW1060.30 (ML1060_896) hv:phyp pSeries NIP: c0000000002c8a64 LR: c00000000125dbc8 CTR: c00000000125e730 REGS: c0000001e0957580 TRAP: 0300 Tainted: G E MSR: 8000000000009033 <SF,EE,ME,IR,DR,RI,LE> CR: 24008268 XER: 00000036 CFAR: c00000000125dbc4 DAR: 0000000000000002 DSISR: 40000000 IRQMASK: 1 GPR00: c00000000125d908 c0000001e0957820 c0000000016e8100 c00000013d814540 GPR04: 0000000000000002 c00000013d814550 0000000000000045 0000000000000000 GPR08: c00000013444d000 c00000013d814538 c00000013d814538 0000000084002268 GPR12: c00000000125e730 c000007e2ffd5f00 ffffffffffffffff 0000000000020000 GPR16: 0000000000000000 0000000000000002 c00000015f653000 0000000000000000 GPR20: c000000138662400 c00000013d814540 0000000000000000 c00000013d814500 GPR24: 0000000000000000 0000000000000002 c0000001e0957888 c0000001e0957878 GPR28: c00000013d814548 0000000000000000 c00000013d814540 c0000001e0957888 NIP [c0000000002c8a64] __mutex_add_waiter+0x24/0xc0 LR [c00000000125dbc8] __mutex_lock.constprop.0+0x318/0xd00 Call Trace: 0xc0000001e0957890 (unreliable) __mutex_lock.constprop.0+0x58/0xd00 amdgpu_amdkfd_gpuvm_alloc_memory_of_gpu+0x6fc/0xb60 [amdgpu] kfd_process_alloc_gpuvm+0x54/0x1f0 [amdgpu] kfd_process_device_init_cwsr_dgpu+0xa4/0x1a0 [amdgpu] kfd_process_device_init_vm+0xd8/0x2e0 [amdgpu] kfd_ioctl_acquire_vm+0xd0/0x130 [amdgpu] kfd_ioctl+0x514/0x670 [amdgpu] sys_ioctl+0x134/0x180 system_call_exception+0x114/0x300 system_call_vectored_common+0x15c/0x2ec This patch changes AMDGPU_VA_RESERVED_TRAP_SIZE to 64 KB and KFD_CWSR_TBA_TMA_SIZE to the AMD GPU page size. This means we reserve 64 KB for the trap in the address space, but only allocate 8 KB within it. With this approach, the allocation size never exceeds the reserved area. (cherry picked from commit 31b8de5e55666f26ea7ece5f412b83eab3f56dbb)",416baaa9-dc9f-4396-8d5f-8c081fb06d67,ROCm,2026-09-21T18:43:55.486544+00:00
CVE-2026-39688,Glow,2026-04-08T09:16:40.790,2026-07-24T20:10:00.147,Deferred,MEDIUM,5.3,CVSS:3.1/AV:N/AC:L/PR:N/UI:N/S:U/C:N/I:N/A:L,CWE-862,,https://patchstack.com/database/Wordpress/Plugin/wp-front-end-profile/vulnerability/wordpress-wp-frontend-profile-plugin-1-3-9-broken-access-control-vulnerability?_s_id=cve,Missing Authorization vulnerability in Glowlogix WP Frontend Profile wp-front-end-profile allows Exploiting Incorrectly Configured Access Control Security Levels.This issue affects WP Frontend Profile: from n/a through <= 1.3.9.,audit@patchstack.com,Glow,2026-09-21T18:43:55.486544+00:00
CVE-2026-47470,TensorRT,2026-07-14T21:16:56.123,2026-07-15T18:20:21.237,Deferred,MEDIUM,6.2,CVSS:3.1/AV:L/AC:L/PR:N/UI:N/S:U/C:N/I:N/A:H,CWE-20,,https://nvd.nist.gov/vuln/detail/CVE-2026-47470;https://www.cve.org/CVERecord?id=CVE-2026-47470,"NVIDIA TensorRT-LLM for any platform contains a vulnerability in the gRPC server chat API endpoint, where an attacker could cause CWE-20 by local attack. A successful exploit of this vulnerability might lead to denial of service.",psirt@nvidia.com,NVIDIA TensorRT;TensorRT,2026-09-21T18:43:55.486544+00:00
CVE-2026-47471,TensorRT,2026-07-14T21:16:56.230,2026-07-15T18:20:21.237,Deferred,HIGH,7.5,CVSS:3.1/AV:A/AC:H/PR:N/UI:N/S:U/C:H/I:H/A:H,CWE-122,,https://nvd.nist.gov/vuln/detail/CVE-2026-47471;https://www.cve.org/CVERecord?id=CVE-2026-47471,"NVIDIA TensorRT-LLM for any platform contains a vulnerability in tensor deserialization, where an attacker could cause a heap based buffer overflow. A successful exploit of this vulnerability might lead to information disclosure, data tampering, or denial of service.",psirt@nvidia.com,NVIDIA TensorRT;TensorRT,2026-09-21T18:43:55.486544+00:00
CVE-2026-47472,TensorRT,2026-07-14T21:16:56.333,2026-07-15T18:20:21.237,Deferred,HIGH,7.8,CVSS:3.1/AV:L/AC:L/PR:L/UI:N/S:U/C:H/I:H/A:H,CWE-502,,https://nvd.nist.gov/vuln/detail/CVE-2026-47472;https://www.cve.org/CVERecord?id=CVE-2026-47472,"NVIDIA TensorRT-LLM contains a vulnerability in its inter-process communication layer where an attacker with local same-user access could cause deserialization. A successful exploit of this vulnerability might lead to code execution, information disclosure, data tampering, and denial of service.",psirt@nvidia.com,NVIDIA TensorRT;TensorRT,2026-09-21T18:43:55.486544+00:00
CVE-2026-47473,TensorRT,2026-07-14T21:16:56.440,2026-07-15T18:20:21.237,Deferred,HIGH,7.4,CVSS:3.1/AV:L/AC:H/PR:N/UI:N/S:U/C:H/I:H/A:H,CWE-123,,https://nvd.nist.gov/vuln/detail/CVE-2026-47473;https://www.cve.org/CVERecord?id=CVE-2026-47473,"NVIDIA TensorRT-LLM contains a vulnerability where an attacker could cause a write-what-where condition. A successful exploit of this vulnerability might lead to data tampering, denial of service, and information disclosure.",psirt@nvidia.com,NVIDIA TensorRT;TensorRT,2026-09-21T18:43:55.486544+00:00
CVE-2026-47475,TensorRT,2026-07-14T21:16:56.547,2026-07-15T18:20:21.237,Deferred,MEDIUM,6.2,CVSS:3.1/AV:L/AC:L/PR:N/UI:N/S:U/C:N/I:N/A:H,CWE-617,,https://nvd.nist.gov/vuln/detail/CVE-2026-47475;https://www.cve.org/CVERecord?id=CVE-2026-47475,NVIDIA TensorRT-LLM contains a vulnerability in the OpenAI-compatible inference API where an attacker could trigger a reachable assertion in the sampler thread. A successful exploit of this vulnerability might lead to denial of service.,psirt@nvidia.com,NVIDIA TensorRT;TensorRT,2026-09-21T18:43:55.486544+00:00
CVE-2026-49121,ROCm,2026-06-01T19:16:54.180,2026-07-22T08:10:00.117,Modified,CRITICAL,9.2,CVSS:4.0/AV:N/AC:L/AT:P/PR:N/UI:N/VC:H/VI:H/VA:H/SC:N/SI:N/SA:N/E:X/CR:X/IR:X/AR:X/MAV:X/MAC:X/MAT:X/MPR:X/MUI:X/MVC:X/MVI:X/MVA:X/MSC:X/MSI:X/MSA:X/S:X/AU:X/R:X/V:X/RE:X/U:X,CWE-502,cpe:2.3:a:amd:aiter:*:*:*:*:*:*:*:*,https://github.com/ROCm/aiter/issues/3076;https://github.com/ROCm/aiter/pull/3170;https://www.vulncheck.com/advisories/ai-tensor-engine-for-rocm-aiter-unauthenticated-rce-via-messagequeue-recv-pickle-deserialization;https://access.redhat.com/security/cve/CVE-2026-49121;https://bugzilla.redhat.com/show_bug.cgi?id=2483882;https://security.access.redhat.com/data/csaf/v2/vex/2026/cve-2026-49121.json,"AI Tensor Engine for ROCm (AITER) through 0.1.14 contains an unauthenticated remote code execution vulnerability in the MessageQueue.recv() function within shm_broadcast.py that allows unauthenticated remote attackers to execute arbitrary code by sending a malicious pickle payload to a ZMQ SUB socket with no authentication, HMAC, or format validation. Attackers who can reach the writer XPUB endpoint on the cluster network or supply a forged Handle with an attacker-controlled remote_subscribe_addr can deliver a crafted pickle payload that executes arbitrary code simultaneously as the inference worker process on every remote reader worker.",disclosure@vulncheck.com,ROCm,2026-09-21T18:43:55.486544+00:00
CVE-2026-90269,XLA,2026-09-17T17:17:23.460,2026-09-17T17:17:23.460,Received,,,,,,https://git.kernel.org/stable/c/5f8ade6e9b7931fc9697394f1b2c4ae833f5ac18;https://git.kernel.org/stable/c/7db0a00445f1a40bacfe9b747405c11cb5f10fc9;https://git.kernel.org/stable/c/c4c8de3bf48d3756ab0f910fe5cc4937d70efdcd,"In the Linux kernel, the following vulnerability has been resolved: bpf: Reject load-acquire from pointers requiring fault protection A BPF_LOAD_ACQ is not rewritten to a BPF_PROBE_MEM load by the verifier, unlike a regular BPF_LDX, so the JIT emits a plain load with no exception table entry and a fault panics the kernel instead of being handled. Reject the source pointer types that a BPF_LDX would have had that fault protection applied to, i.e. the ones bpf_convert_ctx_accesses() turns into BPF_PROBE_MEM: a bare PTR_TO_BTF_ID, PTR_TO_BTF_ID | PTR_UNTRUSTED, PTR_TO_BTF_ID | MEM_ALLOC | PTR_UNTRUSTED and PTR_TO_MEM | MEM_RDONLY | PTR_UNTRUSTED. This is reachable e.g. by loading ->mm out of a trusted task_struct yields an untrusted pointer to mm_struct, and it is NULL for a kernel thread: [...] SEC(""tp_btf/sched_switch"") int BPF_PROG(demo, bool preempt, struct task_struct *prev, struct task_struct *next) { struct mm_struct *mm = next->mm; /* untrusted */ out_ldx = (__u64)mm->pgd; /* BPF_LDX */ out_acq = load_acquire(&mm->pgd); /* BPF_LOAD_ACQ */ return 0; } [...] Both dereference the same pointer, but only the BPF_LDX is protected (x86-64 JIT, jump targets shown prog-relative): [...] ; out_ldx = (__u64)mm->pgd; 17: movq $-10485760, %r10 1e: movq %rsi, %r11 21: addq $184, %r11 28: subq %r10, %r11 2b: movabsq $140737498841088, %r10 35: cmpq %r10, %r11 38: ja 0x3e <-- kernel addr? 3a: xorl %edi, %edi <-- no: dst = 0, skip the load 3c: jmp 0x45 3e: movq 184(%rsi), %rdi <-- yes: load + extable entry [...] ; load_acquire(&mm->pgd) 53: movq %rsi, %rdi 56: movq 184(%rdi), %rax <-- no check, no extable entry [...] Note that BPF_PROBE_MEM is not visible in a bpftool xlated dump, as bpf_insn_prepare_dump() rewrites it back to BPF_MEM. A PTR_TRUSTED pointer is deliberately not on the list. Such a load is not converted either, but it does not need to be, since the pointer is guaranteed live, so load-acquire from it stays allowed. The check is gated on BPF_LOAD_ACQ so that atomic RMW and store-release error messages are unchanged; writes (RMW / store-release) to such pointers are already rejected elsewhere, so only load-acquire needs this.",416baaa9-dc9f-4396-8d5f-8c081fb06d67,XLA,2026-09-21T18:43:55.486544+00:00
